Material,Mean_Freq,Std_Freq,Mean_Damping,Mean_Temp,Count
Aluminum,22.541185116031862,0.6643673911007794,0.02239423729844356,24.909302484798147,168
Titanium,29.09095230925957,0.7984433851918512,0.014083143622242432,24.675766749596406,162
Steel,26.426113108476613,0.7404756934824107,0.015123539891320892,24.64184470399318,170
