Temperature,Pressure,Humidity,Frequency,Damping,Variable
1.0,-0.035894509085031244,0.003995522642028847,0.16491165935274457,0.025500405349959742,Temperature
-0.035894509085031244,1.0,-0.01177474410897552,-0.04398531153382151,0.025495380100815864,Pressure
0.003995522642028847,-0.01177474410897552,1.0,0.013671980962579988,0.6809591428802122,Humidity
0.16491165935274457,-0.04398531153382151,0.013671980962579988,1.0,-0.6357120906707913,Frequency
0.025500405349959742,0.025495380100815864,0.6809591428802122,-0.6357120906707913,1.0,Damping
