Range,Count,Mean_Frequency,Std_Frequency
15-20째C,74,25.6659405649851,2.562045467745898
20-25째C,165,25.657731925590042,2.796506785409332
25-30째C,180,26.143239798534836,2.729854721557708
30-35째C,56,26.740914491323387,2.8132315456667127
