Department,Mean_Score,Mean_Age,Count
Physics,78.77777777777777,41.96296296296296,27
Mathematics,74.06896551724138,37.93103448275862,29
Engineering,72.77272727272727,44.36363636363637,22
Science,74.45454545454545,39.68181818181818,22
